ymd,tt,id,spop,m00,m10,m15,m20,m25,m30,m35,m40,m45,m50,m55,m60,m65,m70,f00,f10,f15,f20,f25,f30,f35,f40,f45,f50,f55,f60,f65,f70
20261003,00,다사54755250,5317.41,,8.71,65.73,308.68,742.09,599.91,365.08,239.6,203.77,208.23,125.64,147.94,109.64,216.51,,10.52,37.08,331.12,675.5,301.48,92.13,80.16,87.92,94.03,40.55,78.47,56.36,90.56
20261003,00,다사55005225,1107.8,,,10.89,29.39,87.68,100.62,65.11,80.19,62.87,82.26,60.36,38.34,48.21,49.51,,,15.7,16.63,52.35,43.34,44.82,17.46,54.32,45.12,30.51,25.56,19.11,27.45
20261003,00,다사55005250,1544.78,,,22.81,100.32,219.47,199.48,149.25,65.81,66.35,63.5,56.66,30.53,17.17,29.2,,,9.24,75.44,172.31,62.84,55.05,38.76,23.65,24.49,25.86,16.01,10.67,9.91
20261003,00,다사55005275,1087.07,,,11.83,42.04,83.61,217.95,172.6,56.75,36.4,45.61,25.13,27.73,24.01,57.4,,,,15.06,20.74,43.62,22.64,26.03,27.66,19.24,34.4,24.12,9.58,37.72
20261003,01,다사54755250,4539.43,,8.71,50.21,258.97,628.32,482.14,315.46,203.46,191.6,185.26,102.31,132.46,91.36,213.71,,15.44,41.59,290.37,522.97,242.49,70.77,58.26,87.04,87.67,31.07,71.18,51.55,105.06
20261003,01,다사55005225,1082.43,,,21.11,20.47,91.94,87.97,47.41,85.3,73.01,82.8,51.61,31.03,39.21,52.37,,,20.56,24.71,62.82,48.47,39.78,17.46,45.85,49.65,24.06,25.56,15.91,23.37
20261003,01,다사55005250,1154.36,,,22.81,77.04,148.48,130.46,102.88,56.21,44.05,61.6,45.63,22.51,18.35,29.2,,,4.5,61.06,112.3,45.82,47.72,23.38,18.26,23.3,25.86,16.01,10.67,6.26
20261003,01,다사55005275,1085.92,,,8.23,46.51,96.35,182.6,166.39,59.21,41.78,53.23,29.77,32.73,24.01,60.2,,,,15.06,21.65,43.18,22.64,26.03,24.7,19.24,34.4,24.12,9.58,39.11
20261003,02,다사54755250,3676.69,,8.71,38.54,196.27,528.2,381.47,259.96,165.11,162.98,160.13,98.14,118.62,79.53,216.51,,15.44,32.01,182.76,362.46,151.68,61.24,64.63,81.54,87.38,26.45,56.8,39.02,101.11
20261003,02,다사55005225,996.82,,,21.11,22.58,89.75,82.29,42.55,68.94,66.78,82.09,49.33,25.36,39.21,47.91,,,13.28,26.48,49.98,35.9,37.58,17.46,45.81,47.06,28.83,17.26,15.91,23.37
20261003,02,다사55005250,926.19,,,11.45,52.32,90.9,102.61,76.92,52.8,41.24,61.4,51.04,20.25,18.35,26.4,,,,48.37,75.41,58.14,29.32,22.69,20.33,18.85,18.07,16.01,10.67,
20261003,02,다사55005275,1007.25,,,8.23,34.34,62.86,154.,165.78,56.62,48.65,43.71,28.53,36.48,24.01,60.2,,,,18.07,23.52,33.51,25.01,26.03,24.7,21.98,34.4,24.12,9.58,37.72
20261003,03,다사54755250,2985.23,,8.71,30.49,150.69,399.5,304.4,184.53,140.17,160.07,139.63,81.,101.51,81.69,217.04,,15.44,24.44,128.43,258.2,106.87,34.15,53.84,75.19,78.24,22.39,52.8,33.91,101.9
20261003,03,다사55005225,879.88,,,10.89,16.08,80.07,61.82,40.11,69.57,61.94,77.79,39.15,25.36,40.74,37.95,,,13.28,18.45,36.66,29.53,34.83,19.86,45.81,39.86,28.83,17.26,12.06,21.98
20261003,03,다사55005250,719.18,,,,18.87,64.6,108.94,62.01,34.71,17.74,53.18,44.97,23.84,16.18,29.36,,,,43.31,60.54,25.21,18.03,19.14,12.16,18.85,22.13,16.01,6.75,
20261003,03,다사55005275,879.8,,,8.23,31.16,54.11,106.57,113.75,64.43,51.9,43.71,22.08,33.34,21.16,63.95,,,,12.35,23.74,28.24,21.57,26.03,24.7,21.98,30.18,24.12,9.58,37.72
20261003,04,다사54755250,2524.35,,8.71,25.46,129.74,280.82,253.28,157.64,110.03,136.06,124.37,73.73,96.86,80.15,210.75,,15.44,24.44,89.52,173.69,98.67,34.15,46.13,82.27,78.24,22.39,50.12,28.07,93.62
20261003,04,다사55005225,827.18,,,12.07,19.93,72.58,52.77,51.05,59.85,57.9,73.03,42.02,34.14,37.04,33.11,,,13.28,18.23,26.58,22.63,28.15,19.86,41.51,35.72,32.17,17.26,8.46,17.84
20261003,04,다사55005250,584.86,,,,12.59,53.79,82.66,40.1,34.71,24.76,55.87,41.82,15.81,14.44,29.36,,,,18.61,47.55,17.01,14.67,19.14,12.16,18.85,16.63,11.95,,
20261003,04,다사55005275,826.,,,8.23,30.57,34.29,89.87,93.35,43.45,38.94,46.73,25.21,35.21,25.99,60.2,,,,12.35,25.47,35.96,22.75,26.03,27.66,29.63,37.69,24.12,10.77,36.33
20261003,05,다사54755250,2286.68,,8.71,16.62,117.25,219.91,217.29,103.66,97.47,135.45,111.87,79.17,94.98,77.99,213.5,,15.44,24.44,88.12,136.27,86.72,35.03,46.13,82.27,78.24,17.88,51.76,31.76,98.75
20261003,05,다사55005225,840.94,,,12.07,19.93,71.24,55.24,43.96,59.85,63.67,72.57,50.03,38.71,41.32,31.37,,,13.28,13.6,25.4,19.45,28.15,20.14,44.47,38.47,32.17,20.75,7.26,17.84
20261003,05,다사55005250,512.23,,,,11.41,35.73,46.35,44.58,31.47,22.14,50.94,41.47,17.68,18.23,29.36,,,,8.75,37.64,17.01,12.07,20.44,12.16,18.85,16.63,14.28,5.04,
20261003,05,다사55005275,750.7,,,8.23,21.43,33.45,61.4,73.65,35.77,35.11,52.11,27.63,35.21,23.83,60.2,,,,12.35,21.76,30.74,22.75,26.03,30.63,26.88,37.69,24.12,10.77,33.76
20261003,06,다사54755250,2154.49,,8.71,16.62,77.55,185.83,158.82,83.63,90.58,130.1,120.71,84.87,99.76,97.11,219.73,,15.44,24.44,85.9,126.45,86.53,30.44,52.76,82.27,78.24,24.92,47.41,31.38,94.29
20261003,06,다사55005225,957.08,,,13.68,16.08,69.04,56.07,52.25,58.53,75.85,75.91,59.96,45.31,53.6,68.63,,,13.28,12.29,25.32,19.45,28.15,20.14,52.79,38.47,32.17,20.66,15.38,34.07
20261003,06,다사55005250,485.2,,,,12.59,32.13,29.3,33.23,28.07,20.06,52.86,38.16,26.35,25.44,54.96,,,,6.2,30.48,7.75,9.21,12.39,12.16,18.85,16.63,11.95,5.04,
20261003,06,다사55005275,710.06,,,8.23,26.26,22.22,48.78,62.6,34.91,44.52,55.31,26.11,27.79,24.32,57.4,,,,12.35,18.01,27.73,22.75,26.03,28.83,29.63,37.69,21.44,9.58,32.37
20261003,07,다사54755250,2126.,,8.79,16.76,63.89,158.07,149.74,85.78,88.52,107.17,118.08,83.19,108.15,111.95,246.99,,15.57,24.65,85.83,129.71,76.22,33.93,53.21,82.97,80.58,26.97,47.89,34.8,86.59
20261003,07,다사55005225,1166.57,,,13.8,14.18,69.63,52.17,47.99,62.56,82.95,88.79,80.5,80.4,60.14,122.74,,,13.39,20.27,27.43,19.21,32.66,20.31,53.79,51.31,35.93,29.52,19.54,67.36
20261003,07,다사55005250,508.36,,,,7.28,28.89,25.34,32.88,42.48,22.98,70.98,35.21,25.6,26.48,50.27,,,,9.74,16.35,10.64,9.05,12.5,17.11,22.96,20.43,12.87,,4.72
20261003,07,다사55005275,753.47,,,8.3,21.61,18.31,44.62,58.53,33.1,52.58,55.56,30.02,51.02,25.82,62.57,,,,12.45,14.11,37.42,22.94,26.25,30.19,29.88,45.89,21.62,9.66,35.77
20261003,08,다사54755250,2234.66,,8.86,16.9,54.18,159.49,142.74,83.61,102.43,116.17,109.59,91.45,108.41,108.02,294.7,,15.7,30.65,86.45,129.63,76.86,34.22,51.34,86.7,88.55,43.77,49.3,33.67,111.27
20261003,08,다사55005225,1328.96,,,13.91,26.11,69.35,51.71,54.78,67.91,90.57,99.98,103.19,88.56,84.8,148.03,,,13.51,29.46,35.82,19.37,32.93,27.72,45.23,61.74,49.18,24.13,31.72,59.25
20261003,08,다사55005250,682.44,,,5.4,7.34,35.96,29.91,41.65,46.76,31.66,83.98,37.21,41.21,56.22,55.39,,,4.83,13.49,26.84,14.41,11.86,19.78,19.93,32.08,27.62,20.27,,16.22
20261003,08,다사55005275,815.11,,8.86,8.37,21.79,29.77,44.99,54.2,29.87,58.14,59.06,39.9,58.93,36.64,64.6,,,,11.02,17.6,44.92,20.52,22.96,26.53,34.08,43.45,25.05,13.77,40.09
20261003,09,다사54755250,2512.77,,8.93,26.98,76.07,163.97,155.1,96.6,108.,125.63,109.1,80.32,116.64,139.04,353.65,5.45,15.83,33.38,102.76,137.6,86.29,36.07,58.09,87.12,84.29,48.12,58.56,45.73,153.45
20261003,09,다사55005225,1882.47,,,12.38,52.39,81.24,54.39,69.84,87.78,89.97,121.35,122.74,127.74,142.96,225.36,,,25.5,60.6,49.64,33.76,50.05,35.73,58.93,97.57,58.87,50.56,57.9,115.22
20261003,09,다사55005250,999.64,,,,37.43,41.99,42.01,53.51,52.74,48.8,108.45,66.8,52.43,65.73,111.11,,,,23.59,43.24,14.53,10.41,23.93,28.8,34.22,39.53,30.29,12.03,54.3
20261003,09,다사55005275,985.59,,13.13,4.75,25.95,35.74,59.7,57.15,29.57,66.28,69.08,49.19,67.88,48.47,81.38,,,5.12,24.49,21.34,51.43,23.02,25.09,28.66,39.63,53.46,30.77,32.33,41.98
20261003,10,다사54755250,2961.86,,14.62,31.68,64.14,194.05,171.32,103.47,121.27,137.96,118.55,90.38,139.79,170.48,425.83,5.54,9.28,39.04,112.58,166.91,90.91,52.37,87.94,65.17,117.45,52.9,87.51,92.77,197.95
20261003,10,다사55005225,2820.25,,,12.59,78.94,103.78,104.29,88.84,92.55,134.77,159.5,205.86,174.05,157.18,346.06,,,31.29,83.81,86.1,73.88,66.17,74.7,87.12,181.88,117.48,91.28,73.7,190.82
20261003,10,다사55005250,1707.42,5.54,10.48,4.71,41.94,76.59,92.55,65.12,70.17,76.27,144.07,75.35,77.28,110.47,164.61,,,9.11,49.83,108.63,46.4,53.57,44.42,33.17,63.13,70.51,40.8,68.84,103.86
20261003,10,다사55005275,1306.88,5.54,13.35,10.37,40.46,53.45,72.2,63.11,35.67,83.95,75.99,65.59,70.19,55.95,94.7,,,27.77,35.08,48.58,70.06,37.15,44.06,54.5,66.02,64.79,44.32,39.44,34.59
20261003,11,다사54755250,3960.42,,14.85,45.52,80.5,193.16,190.17,117.19,125.1,163.46,157.01,119.79,160.32,211.57,654.63,,26.3,51.55,158.27,171.35,125.8,94.22,91.37,105.83,190.18,130.32,145.49,173.48,262.99
20261003,11,다사55005225,3965.46,,14.92,12.8,78.31,137.42,140.29,94.02,111.83,158.64,214.07,256.18,248.24,229.44,575.64,,5.63,33.67,79.22,147.03,124.5,86.49,111.22,130.79,279.27,186.76,124.85,105.02,279.21
20261003,11,다사55005250,2363.29,11.25,31.95,,39.28,122.02,156.87,95.91,82.35,91.76,158.57,118.06,101.25,136.67,187.33,,,17.56,62.07,123.65,103.18,72.74,85.65,61.65,143.57,105.95,70.86,49.13,131.23
20261003,11,다사55005275,1847.56,5.63,23.32,19.32,45.61,86.64,96.66,80.99,50.81,118.1,72.29,95.85,70.61,54.9,97.67,5.63,11.25,19.02,50.04,83.,106.95,79.2,58.75,102.09,112.81,124.42,57.68,71.95,46.37
20261003,12,다사54755250,5556.95,5.72,,50.16,101.28,215.72,215.9,174.35,154.47,186.64,188.7,174.35,232.52,318.27,1021.91,5.72,42.57,69.07,199.31,225.68,221.01,177.28,136.84,170.07,252.73,233.76,188.48,244.93,345.85
20261003,12,다사55005225,5042.88,,15.15,11.69,108.53,130.01,199.52,165.58,120.39,179.88,218.82,272.56,261.39,298.79,938.09,,,40.71,68.24,180.89,186.81,93.8,122.18,187.8,326.78,230.22,176.26,155.11,353.68
20261003,12,다사55005250,3225.95,11.43,17.05,4.89,56.15,176.85,200.8,91.84,87.59,115.2,176.11,146.41,122.77,165.84,255.33,5.72,21.84,17.05,134.73,265.15,190.2,137.29,116.24,80.49,168.5,140.19,102.42,98.44,119.43
20261003,12,다사55005275,2654.66,11.43,23.75,19.27,71.8,111.65,157.77,82.94,72.71,100.53,80.38,112.65,89.34,85.4,115.86,5.72,5.72,39.15,108.68,182.84,176.41,143.45,118.65,140.78,185.19,177.17,85.26,53.19,96.97
20261003,13,다사54755250,7324.65,10.83,38.19,71.3,154.79,258.06,293.7,228.76,198.33,215.7,215.64,213.89,305.56,369.89,1246.68,5.81,77.87,104.1,268.13,400.14,295.79,234.66,221.82,314.65,374.,263.74,228.03,279.03,435.56
20261003,13,다사55005225,5538.82,,5.81,11.88,79.65,125.7,225.05,176.74,120.55,180.21,239.41,296.91,298.19,360.69,1053.28,,23.22,31.05,89.82,238.28,245.37,115.61,154.62,210.65,289.33,254.27,182.3,200.,330.23
20261003,13,다사55005250,4328.55,17.42,12.14,7.39,110.18,209.49,252.58,115.45,125.62,152.59,191.59,159.74,154.06,192.37,301.7,11.61,28.52,59.23,248.24,348.65,297.71,158.51,206.98,157.05,231.42,173.83,134.1,124.35,146.03
20261003,13,다사55005275,3292.68,5.81,12.36,19.81,104.14,155.41,202.67,101.37,101.71,120.67,112.58,114.38,96.47,86.36,126.98,5.81,15.27,60.56,129.26,310.,228.27,180.44,144.99,163.21,220.93,177.91,122.47,97.06,75.78
20261003,14,다사54755250,7818.55,10.92,67.39,56.82,161.37,377.72,281.3,261.98,214.42,242.37,280.81,226.17,331.71,390.04,1148.44,11.7,67.92,115.9,298.48,472.5,374.8,278.01,274.2,323.05,369.15,282.81,216.34,280.66,401.57
20261003,14,다사55005225,6367.76,5.85,29.,32.93,98.47,168.83,264.38,228.75,159.84,185.96,266.,346.46,322.36,380.07,1168.03,5.85,35.,26.47,138.11,295.2,313.26,169.79,206.6,238.66,313.17,256.2,181.95,244.64,285.93
20261003,14,다사55005250,5425.71,11.7,17.96,64.,134.62,265.37,259.94,153.7,149.28,227.89,234.85,185.28,203.5,203.21,376.32,11.7,35.76,83.94,335.43,412.99,384.21,192.97,251.97,169.46,313.63,174.18,204.25,162.03,205.57
20261003,14,다사55005275,3841.92,,11.7,37.93,104.48,193.56,253.56,146.25,121.71,154.77,130.74,142.99,110.65,95.23,119.15,,44.07,97.46,178.51,406.2,259.79,180.65,156.08,168.86,233.31,195.89,127.85,97.35,73.18
20261003,15,다사54755250,8693.9,5.85,60.94,52.66,192.55,432.87,361.13,304.98,202.78,275.55,298.82,264.46,350.04,425.54,1244.88,17.55,89.75,130.16,351.14,588.87,470.63,279.88,295.46,356.75,414.35,263.62,214.19,272.14,476.36
20261003,15,다사55005225,6829.11,11.7,23.15,34.81,91.48,259.56,256.28,266.36,151.24,193.32,261.22,327.52,334.24,446.03,1136.04,,46.77,34.63,114.42,321.27,326.03,172.79,167.99,265.76,375.71,325.39,290.6,278.23,316.57
20261003,15,다사55005250,6374.7,17.55,18.08,84.87,175.65,359.72,343.91,135.6,184.1,232.68,261.26,171.45,189.53,199.17,377.78,17.55,48.23,150.92,384.75,551.18,489.86,290.1,302.01,225.52,379.78,197.74,186.29,170.51,228.91
20261003,15,다사55005275,4109.63,5.85,21.46,37.28,129.03,248.37,270.94,168.03,112.56,132.58,136.95,140.34,127.,96.74,119.24,,85.55,103.15,173.62,432.68,315.09,196.53,197.5,196.9,216.49,183.11,99.25,97.69,65.7
20261003,16,다사54755250,9735.67,5.85,72.51,62.79,253.01,536.73,495.66,374.2,247.95,324.07,311.13,299.19,409.41,443.21,1276.66,29.25,111.24,151.39,451.68,714.02,606.51,347.79,315.29,324.59,400.72,266.68,192.82,289.32,422.
20261003,16,다사55005225,7100.14,,34.32,33.88,122.38,251.39,324.04,297.1,201.24,210.11,270.78,342.34,311.84,419.61,1044.17,23.4,35.1,50.66,140.26,377.96,339.16,215.71,214.83,286.84,396.46,311.01,247.04,245.92,352.59
20261003,16,다사55005250,6769.,11.7,9.65,89.96,138.85,426.9,398.22,196.92,219.49,239.14,260.3,205.32,209.32,221.77,371.35,11.7,29.98,198.6,423.35,677.88,502.61,283.25,304.17,211.09,354.81,193.48,173.93,178.26,227.
20261003,16,다사55005275,4445.62,5.85,16.89,41.09,129.81,289.,288.25,191.45,135.33,143.75,129.87,153.14,144.72,122.23,120.84,5.85,58.5,92.4,249.51,539.18,333.34,213.7,196.96,177.28,257.71,171.23,89.38,83.28,65.08
20261003,17,다사54755250,11733.91,5.81,61.75,98.84,349.74,829.24,707.77,448.72,334.51,369.5,369.97,418.98,474.94,528.54,1184.64,29.03,118.45,214.87,615.1,1071.97,834.87,355.4,324.84,326.52,430.65,326.52,226.35,293.36,383.03
20261003,17,다사55005225,6439.69,5.81,34.05,16.91,105.71,307.39,267.67,274.95,184.39,221.44,285.87,343.17,243.49,382.4,813.67,17.42,50.85,46.05,166.16,399.29,309.1,204.7,214.7,241.65,365.65,319.12,174.66,170.87,272.55
20261003,17,다사55005250,7028.33,11.61,22.65,109.1,208.34,511.76,530.9,251.93,206.55,266.08,251.16,202.8,196.21,226.98,292.71,11.61,33.65,189.41,417.35,725.89,551.,294.71,293.4,241.45,320.92,196.57,151.37,151.86,160.36
20261003,17,다사55005275,4786.25,5.81,16.18,28.97,160.31,333.24,361.27,207.02,133.21,139.09,136.26,129.29,145.47,74.72,106.51,11.61,65.44,122.37,355.7,627.99,346.02,259.95,220.91,193.6,213.85,139.8,82.19,94.99,74.48
20261003,18,다사54755250,13755.38,12.03,54.67,110.63,502.6,1222.44,958.52,586.54,366.32,447.51,491.18,487.34,503.05,515.79,978.32,28.8,86.17,219.04,829.54,1509.41,971.91,511.01,371.58,364.18,421.78,330.02,232.63,275.98,366.39
20261003,18,다사55005225,5564.14,,36.75,21.49,102.61,288.87,340.37,229.88,197.1,197.11,247.25,257.2,255.1,334.45,603.35,17.28,34.56,22.9,172.73,391.69,287.89,151.77,152.65,209.06,272.97,207.96,158.97,160.69,211.49
20261003,18,다사55005250,7350.95,11.52,42.68,76.47,290.64,558.39,580.18,333.95,204.89,305.8,223.12,199.69,199.63,233.38,257.99,23.04,50.59,213.16,572.45,794.76,581.62,290.02,240.72,262.05,236.21,203.76,134.92,86.46,142.86
20261003,18,다사55005275,4887.73,11.52,21.35,39.31,228.33,408.18,448.42,229.57,140.,105.09,139.78,155.88,92.15,70.81,101.8,7.04,38.23,136.83,393.35,623.38,351.68,231.23,199.34,166.99,191.14,122.36,89.47,60.25,84.25
20261003,19,다사54755250,14231.7,19.69,31.45,113.77,676.83,1476.2,1065.34,672.73,407.89,429.8,499.95,421.99,479.81,465.15,817.93,34.29,62.07,192.92,966.8,1735.95,1013.07,496.4,343.19,389.38,334.32,295.67,234.3,248.04,306.77
20261003,19,다사55005225,4423.06,,34.37,15.89,102.37,278.52,338.71,239.62,153.62,146.98,165.38,210.26,225.01,255.12,408.57,17.15,11.43,46.64,135.07,319.08,231.57,93.71,102.38,148.39,198.65,170.07,112.04,109.73,152.73
20261003,19,다사55005250,7286.37,11.43,30.91,106.08,315.53,602.72,589.86,306.27,227.46,249.49,222.,207.61,156.86,192.84,202.62,22.86,33.8,226.84,648.31,877.98,631.16,262.18,232.,231.69,220.45,178.28,108.24,82.66,108.24
20261003,19,다사55005275,4737.09,11.43,20.52,33.22,198.96,501.19,535.57,250.96,159.6,110.36,164.67,148.4,73.81,56.47,74.3,,42.75,102.13,372.51,552.83,405.39,194.23,137.92,148.72,159.79,131.62,52.94,44.67,50.86
20261003,20,다사54755250,13378.36,23.75,25.91,101.48,688.32,1593.57,1180.77,678.79,448.29,370.89,432.76,391.88,437.34,350.39,536.07,35.,44.68,166.67,974.,1727.64,961.99,422.7,301.9,354.71,277.75,257.06,180.04,172.53,241.48
20261003,20,다사55005225,3523.71,,26.32,12.5,102.38,296.76,250.04,227.27,125.71,142.35,152.48,151.39,156.9,199.47,275.88,11.25,5.63,37.94,126.43,292.77,142.7,109.54,69.4,125.17,137.39,106.34,71.05,73.72,94.93
20261003,20,다사55005250,6489.5,5.63,20.49,55.31,347.15,588.26,572.89,246.72,207.1,241.18,196.47,186.62,110.88,147.03,158.02,11.25,35.33,184.58,599.05,877.04,615.89,250.46,195.29,171.07,173.38,126.38,62.5,28.62,74.91
20261003,20,다사55005275,4126.24,5.63,7.58,37.77,154.85,462.59,502.46,256.96,165.2,95.02,154.51,111.26,84.15,51.71,66.57,,26.09,97.53,260.72,495.77,335.39,135.35,111.45,131.62,123.62,110.85,48.06,41.52,52.01
20261003,21,다사54755250,12053.25,6.82,19.77,118.48,622.47,1529.99,1221.56,630.95,409.44,335.,383.98,355.13,324.11,305.57,485.06,34.72,32.77,169.79,910.55,1520.98,964.21,361.13,226.45,301.91,205.53,163.42,117.94,163.63,131.89
20261003,21,다사55005225,2859.03,,5.58,6.82,93.71,289.46,249.96,190.42,112.02,116.43,146.11,123.12,91.22,135.12,162.55,,11.16,34.87,97.47,264.14,118.01,103.76,59.42,88.1,85.21,67.81,71.11,55.04,80.41
20261003,21,다사55005250,5430.,,9.16,38.4,305.77,615.59,583.39,247.83,212.23,184.4,152.6,157.18,90.14,113.85,88.87,,26.66,110.19,467.26,747.29,498.03,212.58,161.35,97.51,85.31,89.56,41.94,39.09,53.82
20261003,21,다사55005275,3431.77,5.58,7.52,22.58,164.77,404.24,476.04,300.74,148.64,103.4,132.51,58.8,61.3,27.43,67.28,,20.3,54.6,197.94,366.1,266.49,91.99,80.26,73.37,85.43,69.54,59.83,38.81,46.28
20261003,22,다사54755250,10412.09,5.54,22.59,88.17,646.33,1458.28,1096.82,610.01,356.34,346.15,344.66,258.48,273.71,193.98,333.52,28.91,32.43,172.11,765.25,1328.71,790.55,249.6,199.42,225.09,157.83,122.82,88.36,106.75,109.68
20261003,22,다사55005225,2320.09,,5.54,,78.87,267.84,194.88,157.01,99.53,122.18,155.84,108.39,40.75,84.69,100.17,,11.07,28.12,75.12,208.46,108.74,75.51,49.17,71.2,69.64,50.2,51.58,47.18,57.18
20261003,22,다사55005250,4526.08,,,26.8,308.92,593.55,553.47,273.31,177.16,129.32,145.87,124.04,61.58,98.18,62.52,,15.38,57.55,348.86,618.66,387.99,119.03,115.66,88.86,59.59,57.69,38.94,29.91,32.01
20261003,22,다사55005275,2791.43,,7.46,36.05,109.76,332.72,435.9,256.5,121.,97.17,86.08,51.07,55.56,28.24,68.86,,,35.67,178.14,251.26,215.61,71.15,61.34,65.64,48.08,67.28,39.28,21.81,46.27
20261003,23,다사54755250,8560.19,,13.4,51.22,605.81,1281.11,941.73,532.01,310.48,312.71,300.32,197.1,219.48,201.52,262.02,17.69,32.17,112.54,668.78,986.69,599.88,160.34,139.12,143.97,123.28,97.65,64.78,78.08,106.31
20261003,23,다사55005225,1715.05,,5.49,,63.92,187.92,122.94,108.83,69.07,104.51,120.88,77.32,50.08,65.41,58.86,,10.98,18.07,60.78,140.06,102.99,53.92,33.85,66.,59.42,41.94,36.49,20.36,33.74
20261003,23,다사55005250,3361.55,,,28.83,223.22,471.23,459.72,242.04,144.02,86.53,124.86,99.23,42.51,54.02,46.45,5.49,9.76,29.96,256.16,441.55,270.91,70.82,55.37,51.3,29.08,33.77,35.99,16.02,31.49
20261003,23,다사55005275,2076.72,,7.4,12.76,57.75,303.26,358.73,223.36,82.83,85.27,66.58,41.95,46.96,31.14,64.58,,,24.89,107.01,144.54,115.92,54.68,40.87,39.62,27.61,45.63,29.68,16.36,47.34
